{
  "loopback": {
    "scenario_A": {
      "scenario": "A_single_qp",
      "small_percentiles": {
        "p50": 13.639917597174644,
        "p95": 15.920959413051605,
        "p99": 17.701182514429092,
        "mean": 14.092350844293833,
        "count": 500
      },
      "large_percentiles": {
        "p50": 2772.358013316989,
        "p95": 2824.219176545739,
        "p99": 3107.0050317794085,
        "mean": 2780.4165920242667,
        "count": 500
      },
      "hot_stats": {
        "p50_us": 2722.756005823612,
        "p95_us": 2799.6080461889505,
        "p99_us": 2910.881070420146,
        "bytes_transferred": 524416000,
        "ops_completed": 1000,
        "poll_iterations": 13859,
        "avg_queue_depth": 0.0
      }
    },
    "scenario_B": {
      "scenario": "B_dual_qp",
      "small_hot_percentiles": {
        "p50": 14.150980859994888,
        "p95": 17.67999492585659,
        "p99": 21.419953554868698,
        "mean": 14.678244013339281,
        "count": 500
      },
      "large_cold_percentiles": {
        "p50": 2763.0669064819813,
        "p95": 2785.0880287587643,
        "p99": 3072.2639057785273,
        "mean": 2767.150573898107,
        "count": 500
      },
      "hot_stats": {
        "p50_us": 14.150980859994888,
        "p95_us": 17.67999492585659,
        "p99_us": 21.419953554868698,
        "bytes_transferred": 128000,
        "ops_completed": 500,
        "poll_iterations": 500,
        "avg_queue_depth": 0.0
      },
      "cold_stats": {
        "p50_us": 2763.0669064819813,
        "p95_us": 2785.0880287587643,
        "p99_us": 3072.2639057785273,
        "bytes_transferred": 524288000,
        "ops_completed": 500,
        "poll_iterations": 532,
        "avg_queue_depth": 0.0
      },
      "classifier_stats": {
        "total_classifications": 1000,
        "hot_count": 500,
        "cold_count": 500,
        "hot_ratio": 0.5,
        "phase_distribution": {
          "prefill": 781,
          "decode": 0,
          "unknown": 219
        }
      }
    },
    "scenario_C": {
      "scenario": "C_dual_qp_pmp",
      "small_hot_percentiles": {
        "p50": 14.51093703508377,
        "p95": 18.470920622348785,
        "p99": 23.180153220891953,
        "mean": 15.17407363280654,
        "count": 500
      },
      "large_cold_percentiles": {
        "p50": 2768.9479757100344,
        "p95": 2910.721115767956,
        "p99": 3290.698165073991,
        "mean": 2786.6553659550846,
        "count": 500
      },
      "hot_stats": {
        "p50_us": 14.51093703508377,
        "p95_us": 18.470920622348785,
        "p99_us": 23.180153220891953,
        "bytes_transferred": 128000,
        "ops_completed": 500,
        "poll_iterations": 505,
        "avg_queue_depth": 0.0
      },
      "cold_stats": {
        "p50_us": 2768.9479757100344,
        "p95_us": 2910.721115767956,
        "p99_us": 3290.698165073991,
        "bytes_transferred": 524288000,
        "ops_completed": 500,
        "poll_iterations": 549,
        "avg_queue_depth": 0.0
      },
      "classifier_stats": {
        "total_classifications": 1000,
        "hot_count": 500,
        "cold_count": 500,
        "hot_ratio": 0.5,
        "phase_distribution": {
          "prefill": 781,
          "decode": 0,
          "unknown": 219
        }
      },
      "pmp_stats": {
        "total_decisions": 1000,
        "hot_decisions": 0,
        "cold_decisions": 1000,
        "switches": 0,
        "avg_switching_fn": 0.0
      }
    }
  },
  "remote": null,
  "ucx_comparison": {
    "ucx_available": true,
    "ucx_message": "ucx_perftest available",
    "ucx_results": [],
    "dual_qp_results": [
      {
        "size": 64,
        "queue": "hot",
        "p50_us": 12.589851394295692,
        "p95_us": 19.379891455173492,
        "p99_us": 48.11096005141735,
        "mean_us": 13.87086696922779,
        "min_us": 12.400094419717789,
        "max_us": 48.11096005141735
      },
      {
        "size": 128,
        "queue": "hot",
        "p50_us": 12.829899787902832,
        "p95_us": 14.10115510225296,
        "p99_us": 24.94105137884617,
        "mean_us": 13.204291462898254,
        "min_us": 12.550968676805496,
        "max_us": 24.94105137884617
      },
      {
        "size": 256,
        "queue": "hot",
        "p50_us": 12.940028682351112,
        "p95_us": 14.16006125509739,
        "p99_us": 24.58016388118267,
        "mean_us": 13.33426684141159,
        "min_us": 12.751203030347824,
        "max_us": 24.58016388118267
      },
      {
        "size": 512,
        "queue": "hot",
        "p50_us": 12.620119377970695,
        "p95_us": 15.570083633065224,
        "p99_us": 23.91100861132145,
        "mean_us": 13.10650259256363,
        "min_us": 12.520002201199532,
        "max_us": 23.91100861132145
      },
      {
        "size": 1024,
        "queue": "hot",
        "p50_us": 12.770993635058403,
        "p95_us": 13.640150427818298,
        "p99_us": 24.770153686404228,
        "mean_us": 13.136398047208786,
        "min_us": 12.630131095647812,
        "max_us": 24.770153686404228
      },
      {
        "size": 2048,
        "queue": "hot",
        "p50_us": 15.971018001437187,
        "p95_us": 27.410918846726418,
        "p99_us": 92.72200986742973,
        "mean_us": 18.219011835753918,
        "min_us": 15.659956261515617,
        "max_us": 92.72200986742973
      },
      {
        "size": 3000,
        "queue": "hot",
        "p50_us": 18.720049411058426,
        "p95_us": 22.37013541162014,
        "p99_us": 30.820956453680992,
        "mean_us": 19.249995239079,
        "min_us": 18.46998929977417,
        "max_us": 30.820956453680992
      },
      {
        "size": 4096,
        "queue": "hot",
        "p50_us": 21.609943360090256,
        "p95_us": 30.351104214787483,
        "p99_us": 44.33095455169678,
        "mean_us": 22.67733681946993,
        "min_us": 21.270010620355606,
        "max_us": 44.33095455169678
      },
      {
        "size": 8192,
        "queue": "hot",
        "p50_us": 32.66986459493637,
        "p95_us": 41.31114110350609,
        "p99_us": 44.490909203886986,
        "mean_us": 33.49069505929947,
        "min_us": 32.14995376765728,
        "max_us": 44.490909203886986
      },
      {
        "size": 16384,
        "queue": "hot",
        "p50_us": 54.70099858939648,
        "p95_us": 63.651008531451225,
        "p99_us": 72.78192788362503,
        "mean_us": 55.857161059975624,
        "min_us": 53.890980780124664,
        "max_us": 72.78192788362503
      },
      {
        "size": 32768,
        "queue": "hot",
        "p50_us": 98.3518548309803,
        "p95_us": 110.59199459850788,
        "p99_us": 112.76197619736195,
        "mean_us": 99.7042702510953,
        "min_us": 97.7830495685339,
        "max_us": 112.76197619736195
      },
      {
        "size": 49152,
        "queue": "hot",
        "p50_us": 140.47184959053993,
        "p95_us": 152.66286209225655,
        "p99_us": 228.92514243721962,
        "mean_us": 143.3159876614809,
        "min_us": 139.28301632404327,
        "max_us": 228.92514243721962
      },
      {
        "size": 65536,
        "queue": "hot",
        "p50_us": 183.8130410760641,
        "p95_us": 206.44417963922024,
        "p99_us": 278.1958319246769,
        "mean_us": 188.83916549384594,
        "min_us": 181.79300241172314,
        "max_us": 278.1958319246769
      },
      {
        "size": 131072,
        "queue": "hot",
        "p50_us": 359.45698618888855,
        "p95_us": 399.79792200028896,
        "p99_us": 422.40903712809086,
        "mean_us": 365.3815994039178,
        "min_us": 355.08698783814907,
        "max_us": 422.40903712809086
      },
      {
        "size": 262144,
        "queue": "hot",
        "p50_us": 704.9450650811195,
        "p95_us": 732.4048783630133,
        "p99_us": 742.3351053148508,
        "mean_us": 707.9358818009496,
        "min_us": 699.1650443524122,