{
  "scenario_A": {
    "scenario": "A_single_qp",
    "small_percentiles": {
      "p50": 13.590999969892437,
      "p95": 15.530000155195012,
      "p99": 19.670000028781942,
      "mean": 13.918959998591163,
      "count": 500
    },
    "large_percentiles": {
      "p50": 2767.347999906633,
      "p95": 2809.8290001707937,
      "p99": 3103.5930001053202,
      "mean": 2777.2672759888337,
      "count": 500
    },
    "hot_stats": {
      "p50_us": 2741.248000120322,
      "p95_us": 2790.4179999040934,
      "p99_us": 2930.419999984224,
      "bytes_transferred": 524416000,
      "ops_completed": 1000,
      "poll_iterations": 15676,
      "avg_queue_depth": 0.0
    }
  },
  "scenario_B": {
    "scenario": "B_dual_qp",
    "small_hot_percentiles": {
      "p50": 14.420999832509551,
      "p95": 17.139999954451923,
      "p99": 21.4010001400311,
      "mean": 14.894945999913034,
      "count": 500
    },
    "large_cold_percentiles": {
      "p50": 2764.189000117767,
      "p95": 2799.159000005602,
      "p99": 3137.354000045889,
      "mean": 2777.0756859940775,
      "count": 500
    },
    "hot_stats": {
      "p50_us": 14.420999832509551,
      "p95_us": 17.139999954451923,
      "p99_us": 21.4010001400311,
      "bytes_transferred": 128000,
      "ops_completed": 500,
      "poll_iterations": 500,
      "avg_queue_depth": 0.0
    },
    "cold_stats": {
      "p50_us": 2764.189000117767,
      "p95_us": 2799.159000005602,
      "p99_us": 3137.354000045889,
      "bytes_transferred": 524288000,
      "ops_completed": 500,
      "poll_iterations": 535,
      "avg_queue_depth": 0.0
    },
    "classifier_stats": {
      "total_classifications": 1000,
      "hot_count": 500,
      "cold_count": 500,
      "hot_ratio": 0.5,
      "phase_distribution": {
        "prefill": 781,
        "decode": 0,
        "unknown": 219
      }
    }
  },
  "scenario_C": {
    "scenario": "C_dual_qp_pmp",
    "small_hot_percentiles": {
      "p50": 14.670000155092566,
      "p95": 17.74999986992043,
      "p99": 23.80000000812288,
      "mean": 15.211509997243411,
      "count": 500
    },
    "large_cold_percentiles": {
      "p50": 2767.3979998326104,
      "p95": 2788.489000067784,
      "p99": 3141.993000099319,
      "mean": 2775.578753996797,
      "count": 500
    },
    "hot_stats": {
      "p50_us": 14.670000155092566,
      "p95_us": 17.74999986992043,
      "p99_us": 23.80000000812288,
      "bytes_transferred": 128000,
      "ops_completed": 500,
      "poll_iterations": 507,
      "avg_queue_depth": 0.0
    },
    "cold_stats": {
      "p50_us": 2767.3979998326104,
      "p95_us": 2788.489000067784,
      "p99_us": 3141.993000099319,
      "bytes_transferred": 524288000,
      "ops_completed": 500,
      "poll_iterations": 526,
      "avg_queue_depth": 0.0
    },
    "classifier_stats": {
      "total_classifications": 1000,
      "hot_count": 500,
      "cold_count": 500,
      "hot_ratio": 0.5,
      "phase_distribution": {
        "prefill": 781,
        "decode": 0,
        "unknown": 219
      }
    },
    "pmp_stats": {
      "total_decisions": 1000,
      "hot_decisions": 0,
      "cold_decisions": 1000,
      "switches": 0,
      "avg_switching_fn": 0.0
    }
  }
}