{
  "scenario_A": {
    "scenario": "A_single_qp",
    "small_percentiles": {
      "p50": 13.92999547533691,
      "p95": 19.099999917671084,
      "p99": 52.310992032289505,
      "mean": 15.05881897173822,
      "count": 50
    },
    "large_percentiles": {
      "p50": 2789.1669888049364,
      "p95": 2872.039010981098,
      "p99": 3092.19301561825,
      "mean": 2798.8027600804344,
      "count": 50
    },
    "hot_stats": {
      "p50_us": 2760.636998573318,
      "p95_us": 2822.1980028320104,
      "p99_us": 3092.19301561825,
      "bytes_transferred": 52441600,
      "ops_completed": 100,
      "poll_iterations": 1329,
      "avg_queue_depth": 0.0
    }
  },
  "scenario_B": {
    "scenario": "B_dual_qp",
    "small_hot_percentiles": {
      "p50": 14.619989087805152,
      "p95": 18.660997739061713,
      "p99": 52.440998842939734,
      "mean": 15.746362041682005,
      "count": 50
    },
    "large_cold_percentiles": {
      "p50": 2781.3570050057024,
      "p95": 2818.5879928059876,
      "p99": 2904.7099815215915,
      "mean": 2785.5619584443048,
      "count": 50
    },
    "hot_stats": {
      "p50_us": 14.619989087805152,
      "p95_us": 18.660997739061713,
      "p99_us": 52.440998842939734,
      "bytes_transferred": 12800,
      "ops_completed": 50,
      "poll_iterations": 50,
      "avg_queue_depth": 0.0
    },
    "cold_stats": {
      "p50_us": 2781.3570050057024,
      "p95_us": 2818.5879928059876,
      "p99_us": 2904.7099815215915,
      "bytes_transferred": 52428800,
      "ops_completed": 50,
      "poll_iterations": 51,
      "avg_queue_depth": 0.0
    },
    "classifier_stats": {
      "total_classifications": 100,
      "hot_count": 50,
      "cold_count": 50,
      "hot_ratio": 0.5,
      "phase_distribution": {
        "prefill": 80,
        "decode": 0,
        "unknown": 20
      }
    }
  },
  "scenario_C": {
    "scenario": "C_dual_qp_pmp",
    "small_hot_percentiles": {
      "p50": 14.79001366533339,
      "p95": 20.670006051659584,
      "p99": 26.321009499952197,
      "mean": 15.55146009195596,
      "count": 50
    },
    "large_cold_percentiles": {
      "p50": 2789.9870183318853,
      "p95": 2825.8879901841283,
      "p99": 2925.3190150484443,
      "mean": 2793.0898615159094,
      "count": 50
    },
    "hot_stats": {
      "p50_us": 14.79001366533339,
      "p95_us": 20.670006051659584,
      "p99_us": 26.321009499952197,
      "bytes_transferred": 12800,
      "ops_completed": 50,
      "poll_iterations": 50,
      "avg_queue_depth": 0.0
    },
    "cold_stats": {
      "p50_us": 2789.9870183318853,
      "p95_us": 2825.8879901841283,
      "p99_us": 2925.3190150484443,
      "bytes_transferred": 52428800,
      "ops_completed": 50,
      "poll_iterations": 51,
      "avg_queue_depth": 0.0
    },
    "classifier_stats": {
      "total_classifications": 100,
      "hot_count": 50,
      "cold_count": 50,
      "hot_ratio": 0.5,
      "phase_distribution": {
        "prefill": 80,
        "decode": 0,
        "unknown": 20
      }
    },
    "pmp_stats": {
      "total_decisions": 100,
      "hot_decisions": 0,
      "cold_decisions": 100,
      "switches": 0,
      "avg_switching_fn": 0.0
    }
  }
}